Date,Subways: Total Estimated Ridership,Subways: % of Comparable Pre-Pandemic Day
03/01/2020,2212965,0.97
03/02/2020,5329915,0.96
03/03/2020,5481103,0.98
03/04/2020,5498809,0.99
03/05/2020,5496453,0.99
03/06/2020,5189447,0.93
03/07/2020,2814637,0.92
03/08/2020,2120656,0.93
03/09/2020,4973513,0.89
03/10/2020,4867818,0.87
03/11/2020,4697122,0.84
03/12/2020,4149505,0.75
03/13/2020,3484996,0.63
03/14/2020,1670665,0.54
03/15/2020,1157711,0.51
03/16/2020,2178555,0.39
03/17/2020,1788786,0.32
03/18/2020,1625280,0.29
03/19/2020,1422112,0.26
03/20/2020,1309125,0.24
03/21/2020,619618,0.2
03/22/2020,408723,0.18
03/23/2020,709499,0.13
03/24/2020,741587,0.13
03/25/2020,690032,0.12
03/26/2020,680360,0.12
03/27/2020,656817,0.12
03/28/2020,332393,0.11
03/29/2020,263700,0.12
03/30/2020,545215,0.1
03/31/2020,508106,0.09
04/01/2020,513481,0.09
04/02/2020,485586,0.09
04/03/2020,483357,0.09
04/04/2020,282278,0.09
04/05/2020,227303,0.09
04/06/2020,445454,0.08
04/07/2020,434986,0.08
04/08/2020,427485,0.08
04/09/2020,404635,0.07
04/10/2020,400275,0.07
04/11/2020,257061,0.08
04/12/2020,198399,0.08
04/13/2020,363312,0.07
04/14/2020,430155,0.08
04/15/2020,419059,0.08
04/16/2020,420223,0.08
04/17/2020,432368,0.08
04/18/2020,254453,0.08
04/19/2020,224411,0.09
04/20/2020,437852,0.08
04/21/2020,422107,0.08
04/22/2020,458781,0.08
04/23/2020,453520,0.08
04/24/2020,443956,0.08
04/25/2020,295387,0.09
04/26/2020,218787,0.09
04/27/2020,462888,0.08
04/28/2020,489247,0.09
04/29/2020,477799,0.09
04/30/2020,465869,0.08
05/01/2020,494549,0.09
05/02/2020,325865,0.1
05/03/2020,258865,0.11
05/04/2020,511866,0.09
05/05/2020,522085,0.09
05/06/2020,508824,0.09
05/07/2020,535073,0.09
05/08/2020,526054,0.09
05/09/2020,316883,0.1
05/10/2020,271947,0.11
05/11/2020,520873,0.09
05/12/2020,553372,0.1
05/13/2020,565377,0.1
05/14/2020,567392,0.1
05/15/2020,587808,0.1
05/16/2020,360844,0.11
05/17/2020,287418,0.12
05/18/2020,595469,0.1
05/19/2020,610884,0.11
05/20/2020,623749,0.11
05/21/2020,629298,0.11
05/22/2020,633883,0.11
05/23/2020,335830,0.1
05/24/2020,320015,0.13
05/25/2020,393918,0.16
05/26/2020,656766,0.11
05/27/2020,674465,0.12
05/28/2020,658057,0.12
05/29/2020,657259,0.11
05/30/2020,426737,0.13
05/31/2020,344426,0.14
06/01/2020,687162,0.12
06/02/2020,693760,0.12
06/03/2020,681714,0.12
06/04/2020,726672,0.13
06/05/2020,703576,0.13
06/06/2020,464198,0.14
06/07/2020,377990,0.14
06/08/2020,804542,0.14
06/09/2020,842306,0.15
06/10/2020,857015,0.15
06/11/2020,818297,0.15
06/12/2020,896658,0.16
06/13/2020,545316,0.17
06/14/2020,430439,0.16
06/15/2020,897112,0.16
06/16/2020,932671,0.17
06/17/2020,948461,0.17
06/18/2020,942382,0.17
06/19/2020,986929,0.38
06/20/2020,576075,0.18
06/21/2020,449497,0.17
06/22/2020,1000046,0.18
06/23/2020,1050786,0.19
06/24/2020,1068333,0.19
06/25/2020,1078796,0.19
06/26/2020,1102382,0.2
06/27/2020,615398,0.19
06/28/2020,535898,0.2
06/29/2020,1100769,0.2
06/30/2020,1113124,0.2
07/01/2020,1120537,0.21
07/02/2020,1170483,0.22
07/03/2020,851877,0.36
07/04/2020,591605,0.21
07/05/2020,533692,0.23
07/06/2020,1084956,0.21
07/07/2020,1157185,0.22
07/08/2020,1172279,0.22
07/09/2020,1211280,0.23
07/10/2020,1030632,0.2
07/11/2020,692977,0.25
07/12/2020,628187,0.27
07/13/2020,1175700,0.22
07/14/2020,1241080,0.24
07/15/2020,1248413,0.24
07/16/2020,1249128,0.24
07/17/2020,1207265,0.23
07/18/2020,778936,0.28
07/19/2020,584994,0.25
07/20/2020,1156735,0.22
07/21/2020,1241819,0.24
07/22/2020,1233668,0.23
07/23/2020,1233795,0.23
07/24/2020,1218138,0.23
07/25/2020,816604,0.29
07/26/2020,606910,0.26
07/27/2020,1203503,0.23
07/28/2020,1241770,0.24
07/29/2020,1296102,0.25
07/30/2020,1270172,0.24
07/31/2020,1258539,0.24
08/01/2020,842468,0.29
08/02/2020,590060,0.25
08/03/2020,1272996,0.25
08/04/2020,1027187,0.2
08/05/2020,1348202,0.26
08/06/2020,1334694,0.26
08/07/2020,1283894,0.25
08/08/2020,833287,0.28
08/09/2020,662993,0.28
08/10/2020,1275268,0.25
08/11/2020,1319814,0.26
08/12/2020,1298963,0.25
08/13/2020,1291277,0.25
08/14/2020,1355786,0.26
08/15/2020,860789,0.29
08/16/2020,554451,0.23
08/17/2020,1304485,0.25
08/18/2020,1369617,0.27
08/19/2020,1292148,0.25
08/20/2020,1410489,0.27
08/21/2020,1387463,0.27
08/22/2020,882522,0.3
08/23/2020,671560,0.28
08/24/2020,1307345,0.25
08/25/2020,1346490,0.26
08/26/2020,1407639,0.27
08/27/2020,1358272,0.26
08/28/2020,1388583,0.27
08/29/2020,773667,0.26
08/30/2020,748061,0.31
08/31/2020,1397264,0.27
09/01/2020,1469274,0.25
09/02/2020,1487969,0.26
09/03/2020,1529185,0.26
09/04/2020,1568385,0.27
09/05/2020,1013725,0.31
09/06/2020,819409,0.32
09/07/2020,870964,0.34
09/08/2020,1555816,0.27
09/09/2020,1610076,0.28
09/10/2020,1543662,0.27
09/11/2020,1690334,0.29
09/12/2020,1083698,0.34
09/13/2020,796740,0.31
09/14/2020,1604381,0.28
09/15/2020,1678078,0.29
09/16/2020,1686909,0.29
09/17/2020,1692368,0.29
09/18/2020,1725443,0.3
09/19/2020,1136947,0.35
09/20/2020,827605,0.33
09/21/2020,1624139,0.28
09/22/2020,1698504,0.29
09/23/2020,1735333,0.3
09/24/2020,1722364,0.3
09/25/2020,1761591,0.31
09/26/2020,1120143,0.35
09/27/2020,846179,0.33
09/28/2020,1489240,0.26
09/29/2020,1661264,0.29
09/30/2020,1740820,0.3
10/01/2020,1809958,0.31
10/02/2020,1790612,0.31
10/03/2020,1168040,0.35
10/04/2020,852830,0.35
10/05/2020,1678792,0.29
10/06/2020,1758454,0.31
10/07/2020,1770617,0.31
10/08/2020,1798005,0.31
10/09/2020,1808079,0.31
10/10/2020,1170227,0.35
10/11/2020,848469,0.35
10/12/2020,1284655,0.22
10/13/2020,1715183,0.3
10/14/2020,1838682,0.32
10/15/2020,1853753,0.32
10/16/2020,1671320,0.29
10/17/2020,1209473,0.36
10/18/2020,896812,0.37
10/19/2020,1719153,0.3
10/20/2020,1780231,0.31
10/21/2020,1812949,0.32
10/22/2020,1825208,0.32
10/23/2020,1842588,0.32
10/24/2020,1185612,0.36
10/25/2020,885001,0.36
10/26/2020,1690651,0.29
10/27/2020,1815242,0.32
10/28/2020,1819352,0.32
10/29/2020,1705072,0.3
10/30/2020,1768018,0.31
10/31/2020,1174059,0.35
11/01/2020,786675,0.31
11/02/2020,1747908,0.31
11/03/2020,1602912,0.28
11/04/2020,1690489,0.3
11/05/2020,1793796,0.32
11/06/2020,1837314,0.33
11/07/2020,1246321,0.39
11/08/2020,927670,0.37
11/09/2020,1752614,0.31
11/10/2020,1836902,0.33
11/11/2020,1614812,0.64
11/12/2020,1776666,0.32
11/13/2020,1816693,0.32
11/14/2020,1215477,0.38
11/15/2020,820858,0.33
11/16/2020,1741750,0.31
11/17/2020,1788847,0.32
11/18/2020,1787688,0.32
11/19/2020,1757535,0.31
11/20/2020,1800423,0.32
11/21/2020,1157957,0.37
11/22/2020,817963,0.32
11/23/2020,1646525,0.29
11/24/2020,1735702,0.31
11/25/2020,1688227,0.3
11/26/2020,652276,0.26
11/27/2020,1263473,0.5
11/28/2020,1032823,0.33
11/29/2020,826974,0.33
11/30/2020,1459131,0.26
12/01/2020,1706348,0.32
12/02/2020,1699968,0.32
12/03/2020,1736045,0.33
12/04/2020,1701628,0.32
12/05/2020,1000240,0.3
12/06/2020,878393,0.35
12/07/2020,1656627,0.31
12/08/2020,1540893,0.29
12/09/2020,1701926,0.32
12/10/2020,1761336,0.33
12/11/2020,1786290,0.33
12/12/2020,1091352,0.33
12/13/2020,911439,0.36
12/14/2020,1584089,0.3
12/15/2020,1783388,0.33
12/16/2020,1569079,0.29
12/17/2020,1079818,0.2
12/18/2020,1735664,0.33
12/19/2020,1112827,0.34
12/20/2020,821265,0.32
12/21/2020,1716035,0.32
12/22/2020,1760948,0.33
12/23/2020,1772537,0.33
12/24/2020,1312480,0.25
12/25/2020,485208,0.19
12/26/2020,879170,0.26
12/27/2020,760350,0.3
12/28/2020,1510168,0.28
12/29/2020,1555198,0.29
12/30/2020,1582486,0.3
12/31/2020,1274984,0.24
01/01/2021,613692,0.29
01/02/2021,988418,0.37
01/03/2021,653187,0.31
01/04/2021,1557977,0.3
01/05/2021,1597518,0.31
01/06/2021,1613629,0.31
01/07/2021,1611099,0.31
01/08/2021,1619242,0.31
01/09/2021,990412,0.37
01/10/2021,763097,0.36
01/11/2021,1568207,0.3
01/12/2021,1640428,0.32
01/13/2021,1641652,0.32
01/14/2021,1647396,0.32
01/15/2021,1627120,0.32
01/16/2021,991500,0.37
01/17/2021,797654,0.38
01/18/2021,1276978,0.61
01/19/2021,1635915,0.32
01/20/2021,1575075,0.31
01/21/2021,1652842,0.32
01/22/2021,1672001,0.33
01/23/2021,997551,0.37
01/24/2021,741139,0.35
01/25/2021,1592468,0.31
01/26/2021,1550953,0.3
01/27/2021,1660278,0.32
01/28/2021,1646806,0.32
01/29/2021,1511680,0.29
01/30/2021,942615,0.35
01/31/2021,722853,0.35
02/01/2021,583230,0.11
02/02/2021,1005985,0.19
02/03/2021,1702598,0.31
02/04/2021,1785833,0.33
02/05/2021,1741015,0.32
02/06/2021,1148477,0.4
02/07/2021,652521,0.3
02/08/2021,1639753,0.3
02/09/2021,1666467,0.31
02/10/2021,1750121,0.32
02/11/2021,1714656,0.32
02/12/2021,1706430,0.31
02/13/2021,1092063,0.38
02/14/2021,858014,0.39
02/15/2021,1218593,0.56
02/16/2021,1627528,0.3
02/17/2021,1733160,0.32
02/18/2021,1381886,0.25
02/19/2021,1566021,0.29
02/20/2021,1110589,0.39
02/21/2021,836095,0.38
02/22/2021,1582054,0.29
02/23/2021,1730198,0.32
02/24/2021,1806306,0.33
02/25/2021,1798165,0.33
02/26/2021,1822812,0.34
02/27/2021,1072932,0.37
02/28/2021,810071,0.37
03/01/2021,1696274,0.3
03/02/2021,1749511,0.31
03/03/2021,1846431,0.33
03/04/2021,1808744,0.32
03/05/2021,1825915,0.33
03/06/2021,1167884,0.38
03/07/2021,894119,0.39
03/08/2021,1719586,0.31
03/09/2021,1834068,0.33
03/10/2021,1849077,0.33
03/11/2021,1881902,0.34
03/12/2021,1914465,0.34
03/13/2021,1257372,0.41
03/14/2021,923968,0.4
03/15/2021,1730024,0.31
03/16/2021,1798288,0.32
03/17/2021,1866414,0.34
03/18/2021,1771092,0.32
03/19/2021,1906749,0.34
03/20/2021,1307403,0.43
03/21/2021,1013386,0.44
03/22/2021,1801438,0.32
03/23/2021,1879574,0.34
03/24/2021,1828084,0.33
03/25/2021,1925768,0.35
03/26/2021,1938246,0.35
03/27/2021,1374266,0.45
03/28/2021,807247,0.35
03/29/2021,1742162,0.31
03/30/2021,1881537,0.34
03/31/2021,1808546,0.32
04/01/2021,1841815,0.33
04/02/2021,1757698,0.32
04/03/2021,1318461,0.42
04/04/2021,950194,0.39
04/05/2021,1818703,0.33
04/06/2021,1942198,0.35
04/07/2021,1985370,0.36
04/08/2021,2013413,0.36
04/09/2021,2026724,0.36
04/10/2021,1391245,0.44
04/11/2021,899646,0.37
04/12/2021,1845836,0.33
04/13/2021,2012153,0.36
04/14/2021,2018126,0.36
04/15/2021,1906733,0.34
04/16/2021,2078856,0.37
04/17/2021,1425036,0.45
04/18/2021,1082503,0.45
04/19/2021,1911326,0.34
04/20/2021,2082495,0.37
04/21/2021,1965922,0.35
04/22/2021,2040232,0.37
04/23/2021,2121350,0.38
04/24/2021,1520057,0.48
04/25/2021,985027,0.41
04/26/2021,1955370,0.35
04/27/2021,2041698,0.37
04/28/2021,2135793,0.38
04/29/2021,2028524,0.36
04/30/2021,2159476,0.39
05/01/2021,1515211,0.47
05/02/2021,1153471,0.48
05/03/2021,1971010,0.34
05/04/2021,2120071,0.37
05/05/2021,2074543,0.36
05/06/2021,2199943,0.38
05/07/2021,2238033,0.39
05/08/2021,1444674,0.45
05/09/2021,1107878,0.46
05/10/2021,1990039,0.35
05/11/2021,2148322,0.38
05/12/2021,2182277,0.38
05/13/2021,2163052,0.38
05/14/2021,2266974,0.4
05/15/2021,1637231,0.51
05/16/2021,1201904,0.5
05/17/2021,2022584,0.35
05/18/2021,2150049,0.38
05/19/2021,2257549,0.39
05/20/2021,2269471,0.4
05/21/2021,2331876,0.41
05/22/2021,1645268,0.51
05/23/2021,1268928,0.53
05/24/2021,2118877,0.37
05/25/2021,2270945,0.4
05/26/2021,2275882,0.4
05/27/2021,2352019,0.41
05/28/2021,2232599,0.39
05/29/2021,1370135,0.43
05/30/2021,1065176,0.45
05/31/2021,1389651,0.58
06/01/2021,2258831,0.4
06/02/2021,2343745,0.42
06/03/2021,2233917,0.4
06/04/2021,2310032,0.41
06/05/2021,1792204,0.56
06/06/2021,1363344,0.52
06/07/2021,2223265,0.4
06/08/2021,2265591,0.4
06/09/2021,2386026,0.43
06/10/2021,2473818,0.44
06/11/2021,2468258,0.44
06/12/2021,1775538,0.55
06/13/2021,1379959,0.53
06/14/2021,2223186,0.4
06/15/2021,2469785,0.44
06/16/2021,2519444,0.45
06/17/2021,2552497,0.46
06/18/2021,2572013,0.98
06/19/2021,1784312,0.55
06/20/2021,1389352,0.53
06/21/2021,2264368,0.4
06/22/2021,2354873,0.42
06/23/2021,2547416,0.45
06/24/2021,2552639,0.46
06/25/2021,2582713,0.46
06/26/2021,1854179,0.58
06/27/2021,1559967,0.6
06/28/2021,2252362,0.4
06/29/2021,2343739,0.42
06/30/2021,2346388,0.42
07/01/2021,2292461,0.43
07/02/2021,2296044,0.43
07/03/2021,1541988,0.55
07/04/2021,1468510,0.63
07/05/2021,1495709,0.64
07/06/2021,2302002,0.44
07/07/2021,2437064,0.46
07/08/2021,2364250,0.45
07/09/2021,2318387,0.44
07/10/2021,1781717,0.63
07/11/2021,1365854,0.58
07/12/2021,2245412,0.43
07/13/2021,2457526,0.47
07/14/2021,2517615,0.48
07/15/2021,2581582,0.49
07/16/2021,2536569,0.48
07/17/2021,1717480,0.61
07/18/2021,1405344,0.6
07/19/2021,2327756,0.44
07/20/2021,2462002,0.47
07/21/2021,2504568,0.47
07/22/2021,2582151,0.49
07/23/2021,2552330,0.48
07/24/2021,1852402,0.66
07/25/2021,1364830,0.58
07/26/2021,2318455,0.44
07/27/2021,2487947,0.47
07/28/2021,2534756,0.48
07/29/2021,2428764,0.46
07/30/2021,2557677,0.48
07/31/2021,1841007,0.65
08/01/2021,1351294,0.57
08/02/2021,2333923,0.45
08/03/2021,2483802,0.48
08/04/2021,2529002,0.49
08/05/2021,2529190,0.49
08/06/2021,2519444,0.49
08/07/2021,1780458,0.61
08/08/2021,1333885,0.56
08/09/2021,2289434,0.45
08/10/2021,2442194,0.48
08/11/2021,2475949,0.48
08/12/2021,2448589,0.48
08/13/2021,2430102,0.47
08/14/2021,1718222,0.58
08/15/2021,1430620,0.6
08/16/2021,2287627,0.45
08/17/2021,2427611,0.47
08/18/2021,2445638,0.48
08/19/2021,2439624,0.47
08/20/2021,2456334,0.48
08/21/2021,1715030,0.58
08/22/2021,745240,0.31
08/23/2021,2052669,0.4
08/24/2021,2462365,0.48
08/25/2021,2498255,0.49
08/26/2021,2480137,0.48
08/27/2021,2388210,0.46
08/28/2021,1659434,0.56
08/29/2021,1398566,0.59
08/30/2021,2321000,0.45
08/31/2021,2532584,0.49
09/01/2021,2294448,0.4
09/02/2021,1661558,0.29
09/03/2021,2390392,0.41
09/04/2021,1777639,0.55
09/05/2021,1415352,0.56
09/06/2021,1521388,0.6
09/07/2021,2233674,0.39
09/08/2021,2529619,0.44
09/09/2021,2702713,0.47
09/10/2021,2840443,0.49
09/11/2021,1983091,0.62
09/12/2021,1589976,0.62
09/13/2021,2852796,0.49
09/14/2021,3011275,0.52
09/15/2021,2987334,0.52
09/16/2021,2534545,0.44
09/17/2021,3028545,0.52
09/18/2021,2014848,0.63
09/19/2021,1596823,0.63
09/20/2021,2883211,0.5
09/21/2021,3018312,0.52
09/22/2021,3021113,0.52
09/23/2021,3016106,0.52
09/24/2021,3121747,0.54
09/25/2021,2129492,0.66
09/26/2021,1614677,0.63
09/27/2021,2873368,0.5
09/28/2021,2927715,0.51
09/29/2021,3063720,0.53
09/30/2021,3146861,0.55
10/01/2021,3162881,0.55
10/02/2021,2063660,0.62
10/03/2021,1575738,0.64
10/04/2021,2864349,0.5
10/05/2021,3091160,0.54
10/06/2021,3140986,0.55
10/07/2021,3190747,0.56
10/08/2021,3168473,0.55
10/09/2021,2052699,0.62
10/10/2021,1499385,0.61
10/11/2021,2263615,0.39
10/12/2021,3102879,0.54
10/13/2021,3157457,0.55
10/14/2021,3240686,0.56
10/15/2021,3227068,0.56
10/16/2021,2042027,0.61
10/17/2021,1629991,0.66
10/18/2021,2982883,0.52
10/19/2021,3178208,0.55
10/20/2021,3234327,0.56
10/21/2021,3267697,0.57
10/22/2021,3225816,0.56
10/23/2021,2077488,0.62
10/24/2021,1599927,0.65
10/25/2021,2994936,0.52
10/26/2021,2702635,0.47
10/27/2021,3300580,0.57
10/28/2021,3365971,0.59
10/29/2021,3251779,0.57
10/30/2021,2044310,0.61
10/31/2021,1746769,0.71
11/01/2021,3034306,0.54
11/02/2021,2848222,0.51
11/03/2021,3293732,0.58
11/04/2021,3284315,0.58
11/05/2021,3293438,0.58
11/06/2021,2195864,0.69
11/07/2021,1888985,0.75
11/08/2021,3065533,0.54
11/09/2021,3279457,0.58
11/10/2021,3351992,0.59
11/11/2021,2922235,1.16
11/12/2021,3158682,0.56
11/13/2021,2169863,0.69
11/14/2021,1703136,0.68
11/15/2021,3110969,0.55
11/16/2021,3340844,0.59
11/17/2021,3369069,0.6
11/18/2021,3412249,0.61
11/19/2021,3316999,0.59
11/20/2021,2135731,0.68
11/21/2021,1674206,0.66
11/22/2021,3130363,0.56
11/23/2021,3286591,0.58
11/24/2021,3085289,0.55
11/25/2021,1357198,0.54
11/26/2021,2089772,0.83
11/27/2021,1880422,0.6
11/28/2021,1465745,0.58
11/29/2021,2996015,0.53
11/30/2021,3207209,0.57
12/01/2021,3326469,0.62
12/02/2021,3358843,0.63
12/03/2021,3374097,0.63
12/04/2021,2318147,0.7
12/05/2021,1737352,0.68
12/06/2021,3135869,0.59
12/07/2021,3367790,0.63
12/08/2021,3378727,0.63
12/09/2021,3433600,0.64
12/10/2021,3417451,0.64
12/11/2021,2266265,0.68
12/12/2021,1829872,0.72
12/13/2021,3120850,0.58
12/14/2021,3274170,0.61
12/15/2021,3242168,0.61
12/16/2021,3219799,0.6
12/17/2021,3112088,0.58
12/18/2021,1880969,0.57
12/19/2021,1579809,0.62
12/20/2021,2716451,0.51
12/21/2021,2697325,0.51
12/22/2021,2634565,0.49
12/23/2021,2486489,0.47
12/24/2021,1575449,0.62
12/25/2021,810937,0.24
12/26/2021,1284738,0.51
12/27/2021,2007649,0.38
12/28/2021,2168419,0.41
12/29/2021,2167077,0.41
12/30/2021,2198415,0.41
12/31/2021,1627589,0.64
01/01/2022,1027918,0.38
01/02/2022,1219735,0.58
01/03/2022,2168229,0.42
01/04/2022,2289352,0.45
01/05/2022,2267942,0.44
01/06/2022,2391176,0.46
01/07/2022,2121941,0.41
01/08/2022,1486065,0.55
01/09/2022,1102472,0.53
01/10/2022,2347323,0.46
01/11/2022,2266378,0.44
01/12/2022,2459224,0.48
01/13/2022,2524197,0.49
01/14/2022,2522972,0.49
01/15/2022,1434676,0.53
01/16/2022,1165626,0.56
01/17/2022,1600048,0.77
01/18/2022,2541044,0.49
01/19/2022,2642129,0.51
01/20/2022,2545486,0.49
01/21/2022,2565781,0.5
01/22/2022,1583650,0.58
01/23/2022,1245716,0.6
01/24/2022,2536827,0.49
01/25/2022,2701246,0.53
01/26/2022,2711803,0.53
01/27/2022,2724979,0.53
01/28/2022,2703403,0.53
01/29/2022,999347,0.37
01/30/2022,1262477,0.6
01/31/2022,2575762,0.5
02/01/2022,2635083,0.49
02/02/2022,2940152,0.54
02/03/2022,2914198,0.54
02/04/2022,2725725,0.5
02/05/2022,1792780,0.63
02/06/2022,1323892,0.6
02/07/2022,2784230,0.51
02/08/2022,3016648,0.56
02/09/2022,3088775,0.57
02/10/2022,3112489,0.57
02/11/2022,3015472,0.56
02/12/2022,2026308,0.71
02/13/2022,1349864,0.62
02/14/2022,2907825,0.54
02/15/2022,3030742,0.56
02/16/2022,3100639,0.57
02/17/2022,3109956,0.57
02/18/2022,2953785,0.54
02/19/2022,1792136,0.62
02/20/2022,1477125,0.67
02/21/2022,1942267,0.89
02/22/2022,2669508,0.49
02/23/2022,2894245,0.53
02/24/2022,2858146,0.53
02/25/2022,2575630,0.47
02/26/2022,1824833,0.64
02/27/2022,1403227,0.64
02/28/2022,2915786,0.54
03/01/2022,3138181,0.56
03/02/2022,3208166,0.58
03/03/2022,3207495,0.58
03/04/2022,3077537,0.55
03/05/2022,1955535,0.64
03/06/2022,1444501,0.63
03/07/2022,2980920,0.54
03/08/2022,3244473,0.58
03/09/2022,3113559,0.56
03/10/2022,3339363,0.6
03/11/2022,3195956,0.57
03/12/2022,1663893,0.54
03/13/2022,1479406,0.65
03/14/2022,3008800,0.54
03/15/2022,3275906,0.59
03/16/2022,3332335,0.6
03/17/2022,3175784,0.57
03/18/2022,3275433,0.59
03/19/2022,2001839,0.65
03/20/2022,1656673,0.72
03/21/2022,3034759,0.55
03/22/2022,3276940,0.59
03/23/2022,3275708,0.59
03/24/2022,3212181,0.58
03/25/2022,3218970,0.58
03/26/2022,2024596,0.66
03/27/2022,1534056,0.67
03/28/2022,2989874,0.54
03/29/2022,3291883,0.59
03/30/2022,3336073,0.6
03/31/2022,3323135,0.6
04/01/2022,3237107,0.58
04/02/2022,2128435,0.67
04/03/2022,1463932,0.6
04/04/2022,3127667,0.56
04/05/2022,3356454,0.6
04/06/2022,3311547,0.59
04/07/2022,3307076,0.59
04/08/2022,3347754,0.6
04/09/2022,2190396,0.69
04/10/2022,1707748,0.7
04/11/2022,3205728,0.57
04/12/2022,3078069,0.55
04/13/2022,3220964,0.58
04/14/2022,3297697,0.59
04/15/2022,2761532,0.5
04/16/2022,1986306,0.63
04/17/2022,1512633,0.62
04/18/2022,2676254,0.48
04/19/2022,2962130,0.53
04/20/2022,3098046,0.56
04/21/2022,3033422,0.54
04/22/2022,2985684,0.54
04/23/2022,2109188,0.67
04/24/2022,1655860,0.68
04/25/2022,3026541,0.54
04/26/2022,3281657,0.59
04/27/2022,3432282,0.62
04/28/2022,3404938,0.61
04/29/2022,3257634,0.58
04/30/2022,2108746,0.67
05/01/2022,1683953,0.7
05/02/2022,2732825,0.48
05/03/2022,3402882,0.6
05/04/2022,3364902,0.59
05/05/2022,3502522,0.61
05/06/2022,3190556,0.56
05/07/2022,1842808,0.57
05/08/2022,1582133,0.66
05/09/2022,3114506,0.54
05/10/2022,3412902,0.6
05/11/2022,3440378,0.6
05/12/2022,3430104,0.6
05/13/2022,3252002,0.57
05/14/2022,2149046,0.67
05/15/2022,1760359,0.74
05/16/2022,3080043,0.54
05/17/2022,3536021,0.62
05/18/2022,3605606,0.63
05/19/2022,3467327,0.61
05/20/2022,3271914,0.57
05/21/2022,2324245,0.72
05/22/2022,1760638,0.74
05/23/2022,3111755,0.54
05/24/2022,3378506,0.59
05/25/2022,3426530,0.6
05/26/2022,3341059,0.58
05/27/2022,3031130,0.53
05/28/2022,1872775,0.58
05/29/2022,1755236,0.73
05/30/2022,1694970,0.71
05/31/2022,3176109,0.56
06/01/2022,3381297,0.6
06/02/2022,3351902,0.6
06/03/2022,3283271,0.59
06/04/2022,2178024,0.68
06/05/2022,1724983,0.66
06/06/2022,3092181,0.55
06/07/2022,3392224,0.6
06/08/2022,3492805,0.62
06/09/2022,3297157,0.59
06/10/2022,3376125,0.6
06/11/2022,2231451,0.69
06/12/2022,1674607,0.64
06/13/2022,3168681,0.56
06/14/2022,3494822,0.62
06/15/2022,3526802,0.63
06/16/2022,3409624,0.61
06/17/2022,3247379,0.58
06/18/2022,2186635,0.68
06/19/2022,1725762,0.66
06/20/2022,2460659,0.94
06/21/2022,3339793,0.6
06/22/2022,3357113,0.6
06/23/2022,3407485,0.61
06/24/2022,3296412,0.59
06/25/2022,2286963,0.71
06/26/2022,2011977,0.77
06/27/2022,2932598,0.52
06/28/2022,3248338,0.58
06/29/2022,3249261,0.58
06/30/2022,3151572,0.56
07/01/2022,2827549,0.54
07/02/2022,1847093,0.65
07/03/2022,1654774,0.71
07/04/2022,1608084,0.69
07/05/2022,2802814,0.53
07/06/2022,3066462,0.58
07/07/2022,3115604,0.59
07/08/2022,2902322,0.55
07/09/2022,2061419,0.73
07/10/2022,1681041,0.72
07/11/2022,2876587,0.54
07/12/2022,3148320,0.6
07/13/2022,3229387,0.61
07/14/2022,3203104,0.61
07/15/2022,3021651,0.57
07/16/2022,2093206,0.74
07/17/2022,1674922,0.72
07/18/2022,2720012,0.52
07/19/2022,3169016,0.6
07/20/2022,3190942,0.6
07/21/2022,3109097,0.59
07/22/2022,2942752,0.56
07/23/2022,2028696,0.72
07/24/2022,1596195,0.68
07/25/2022,2727722,0.52
07/26/2022,3175001,0.6
07/27/2022,3232796,0.61
07/28/2022,3151913,0.6
07/29/2022,2932846,0.56
07/30/2022,2074421,0.73
07/31/2022,1649097,0.71
08/01/2022,2739262,0.53
08/02/2022,3070101,0.6
08/03/2022,3124038,0.61
08/04/2022,3049076,0.59
08/05/2022,2822155,0.55
08/06/2022,1999580,0.68
08/07/2022,1542311,0.65
08/08/2022,2705428,0.53
08/09/2022,3013784,0.59
08/10/2022,3134434,0.61
08/11/2022,3093548,0.6
08/12/2022,2963913,0.58
08/13/2022,2089217,0.71
08/14/2022,1677803,0.7
08/15/2022,2768347,0.54
08/16/2022,3045892,0.59
08/17/2022,3074027,0.6
08/18/2022,3077928,0.6
08/19/2022,2918737,0.57
08/20/2022,2038622,0.69
08/21/2022,1619422,0.68
08/22/2022,2622885,0.51
08/23/2022,2992615,0.58
08/24/2022,3020710,0.59
08/25/2022,3090901,0.6
08/26/2022,2863653,0.56
08/27/2022,2066542,0.7
08/28/2022,1651689,0.69
08/29/2022,2836374,0.55
08/30/2022,3091873,0.6
08/31/2022,3144027,0.61
09/01/2022,3114667,0.54
09/02/2022,2925306,0.51
09/03/2022,2116811,0.66
09/04/2022,1802349,0.71
09/05/2022,1691887,0.66
09/06/2022,3063503,0.53
09/07/2022,3444556,0.6
09/08/2022,3644407,0.63
09/09/2022,3481756,0.6
09/10/2022,2356865,0.73
09/11/2022,1737251,0.68
09/12/2022,3382150,0.59
09/13/2022,3618354,0.63
09/14/2022,3741978,0.65
09/15/2022,3747731,0.65
09/16/2022,3502358,0.61
09/17/2022,2350888,0.73
09/18/2022,1844317,0.72
09/19/2022,3369999,0.58
09/20/2022,3767024,0.65
09/21/2022,3878782,0.67
09/22/2022,3732919,0.65
09/23/2022,3626482,0.63
09/24/2022,2377091,0.74
09/25/2022,1759832,0.69
09/26/2022,2812853,0.49
09/27/2022,3204114,0.56
09/28/2022,3712354,0.64
09/29/2022,3707751,0.64
09/30/2022,3503239,0.61
10/01/2022,2032983,0.61
10/02/2022,1621851,0.66
10/03/2022,3370048,0.59
10/04/2022,3397689,0.59
10/05/2022,3077346,0.54
10/06/2022,3848909,0.67
10/07/2022,3591080,0.62
10/08/2022,2397249,0.72
10/09/2022,1917721,0.78
10/10/2022,2556722,0.44
10/11/2022,3649405,0.63
10/12/2022,3776129,0.66
10/13/2022,3682799,0.64
10/14/2022,3578772,0.62
10/15/2022,2363501,0.71
10/16/2022,1773903,0.72
10/17/2022,3314497,0.58
10/18/2022,3693627,0.64
10/19/2022,3814404,0.66
10/20/2022,3810901,0.66
10/21/2022,3570334,0.62
10/22/2022,2430406,0.73
10/23/2022,1740520,0.71
10/24/2022,3357840,0.58
10/25/2022,3712582,0.65
10/26/2022,3794534,0.66
10/27/2022,3892985,0.68
10/28/2022,3624748,0.63
10/29/2022,2440601,0.73
10/30/2022,1875953,0.76
10/31/2022,3410892,0.59
11/01/2022,3706707,0.66
11/02/2022,3788123,0.67
11/03/2022,3802455,0.67
11/04/2022,3586358,0.64
11/05/2022,2449943,0.78
11/06/2022,2116063,0.84
11/07/2022,3456868,0.61
11/08/2022,3431700,0.61
11/09/2022,3772030,0.67
11/10/2022,3802230,0.67
11/11/2022,2994708,1.19
11/12/2022,2431419,0.77
11/13/2022,1794024,0.71
11/14/2022,3401075,0.6
11/15/2022,3713627,0.66
11/16/2022,3751773,0.67
11/17/2022,3797815,0.67
11/18/2022,3539202,0.63
11/19/2022,2323449,0.74
11/20/2022,1721187,0.68
11/21/2022,3363626,0.6
11/22/2022,3548882,0.63
11/23/2022,3263998,0.58
11/24/2022,1382266,0.55
11/25/2022,2058658,0.82
11/26/2022,1999608,0.63
11/27/2022,1476228,0.59
11/28/2022,3265971,0.58
11/29/2022,3596894,0.64
11/30/2022,3568413,0.63
12/01/2022,3770495,0.71
12/02/2022,3600504,0.67
12/03/2022,2291687,0.69
12/04/2022,1990479,0.78
12/05/2022,3481640,0.65
12/06/2022,3753299,0.7
12/07/2022,3835333,0.72
12/08/2022,3931499,0.74
12/09/2022,3710928,0.69
12/10/2022,2663493,0.8
12/11/2022,1865579,0.73
12/12/2022,3466978,0.65
12/13/2022,3763568,0.7
12/14/2022,3777173,0.71
12/15/2022,3726154,0.7
12/16/2022,3270016,0.61
12/17/2022,2577771,0.78
12/18/2022,1967199,0.77
12/19/2022,3381411,0.63
12/20/2022,3586084,0.67
12/21/2022,3563236,0.67
12/22/2022,3187083,0.6
12/23/2022,2738016,0.51
12/24/2022,1411469,0.43
12/25/2022,1008452,0.4
12/26/2022,1812842,0.71
12/27/2022,2729514,0.51
12/28/2022,2947028,0.55
12/29/2022,3039432,0.57
12/30/2022,3063480,0.57
12/31/2022,1927101,0.58
01/01/2023,1675507,0.8
01/02/2023,1938154,0.93
01/03/2023,3175777,0.62
01/04/2023,3413052,0.66
01/05/2023,3428520,0.67
01/06/2023,3229858,0.63
01/07/2023,2116138,0.78
01/08/2023,1610764,0.77
01/09/2023,3145743,0.61
01/10/2023,3469177,0.67
01/11/2023,3508962,0.68
01/12/2023,3472709,0.68
01/13/2023,3270020,0.64
01/14/2023,2072387,0.77
01/15/2023,1705804,0.82
01/16/2023,2172218,1.04
01/17/2023,3451604,0.67
01/18/2023,3603344,0.7
01/19/2023,3492226,0.68
01/20/2023,3375887,0.66
01/21/2023,2137169,0.79
01/22/2023,1593386,0.76
01/23/2023,3135214,0.61
01/24/2023,3566756,0.69
01/25/2023,3511071,0.68
01/26/2023,3629029,0.71
01/27/2023,3335372,0.65
01/28/2023,2248107,0.83
01/29/2023,1637398,0.78
01/30/2023,3223530,0.63
01/31/2023,3654404,0.71
02/01/2023,3682758,0.68
02/02/2023,3699932,0.68
02/03/2023,3189550,0.59
02/04/2023,1742435,0.61
02/05/2023,1625375,0.74
02/06/2023,3372445,0.62
02/07/2023,3738539,0.69
02/08/2023,3780682,0.7
02/09/2023,3754859,0.69
02/10/2023,3539529,0.65
02/11/2023,2333625,0.81
02/12/2023,1746099,0.8
02/13/2023,3303337,0.61
02/14/2023,3812943,0.7
02/15/2023,3762817,0.69
02/16/2023,3683782,0.68
02/17/2023,3253165,0.6
02/18/2023,2271106,0.79
02/19/2023,1824136,0.83
02/20/2023,2238557,1.02
02/21/2023,3325542,0.61
02/22/2023,3454362,0.64
02/23/2023,3498367,0.64
02/24/2023,3246699,0.6
02/25/2023,2043635,0.71
02/26/2023,1625191,0.74
02/27/2023,3337916,0.62
02/28/2023,3412079,0.63
03/01/2023,3780713,0.68
03/02/2023,3765925,0.68
03/03/2023,3481830,0.63
03/04/2023,2173217,0.71
03/05/2023,1772121,0.77
03/06/2023,3427019,0.62
03/07/2023,3773780,0.68
03/08/2023,3842861,0.69
03/09/2023,3827656,0.69
03/10/2023,3502339,0.63
03/11/2023,2230530,0.73
03/12/2023,1773585,0.77
03/13/2023,3352388,0.6
03/14/2023,3577250,0.64
03/15/2023,3912366,0.7
03/16/2023,3949788,0.71
03/17/2023,3661519,0.66
03/18/2023,2417873,0.79
03/19/2023,1894476,0.83
03/20/2023,3442589,0.62
03/21/2023,3801084,0.68
03/22/2023,3797399,0.68
03/23/2023,3774396,0.68
03/24/2023,3534300,0.63
03/25/2023,2153554,0.7
03/26/2023,1939984,0.85
03/27/2023,3397258,0.61
03/28/2023,3765920,0.68
03/29/2023,3872948,0.7
03/30/2023,3860289,0.69
03/31/2023,3573735,0.64
04/01/2023,2283533,0.72
04/02/2023,1949665,0.8
04/03/2023,3597785,0.65
04/04/2023,3906882,0.7
04/05/2023,3799965,0.68
04/06/2023,3421271,0.61
04/07/2023,3130675,0.56
04/08/2023,2393347,0.76
04/09/2023,1855826,0.76
04/10/2023,3142740,0.56
04/11/2023,3537843,0.63
04/12/2023,3576687,0.64
04/13/2023,3628304,0.65
04/14/2023,3471420,0.62
04/15/2023,2365464,0.75
04/16/2023,1864753,0.77
04/17/2023,3418834,0.61
04/18/2023,3862133,0.69
04/19/2023,3927706,0.7
04/20/2023,4002433,0.72
04/21/2023,3492257,0.63
04/22/2023,2506140,0.79
04/23/2023,1923243,0.79
04/24/2023,3561262,0.64
04/25/2023,3956922,0.71
04/26/2023,3994837,0.72
04/27/2023,3999831,0.72
04/28/2023,3703088,0.66
04/29/2023,2179978,0.69
04/30/2023,1744098,0.72
05/01/2023,3664755,0.64
05/02/2023,3961858,0.69
05/03/2023,4030601,0.7
05/04/2023,3985001,0.7
05/05/2023,3759375,0.66
05/06/2023,2563102,0.8
05/07/2023,2033790,0.85
05/08/2023,3563340,0.62
05/09/2023,3925555,0.69
05/10/2023,4014009,0.7
05/11/2023,4015942,0.7
05/12/2023,3723192,0.65
05/13/2023,2487178,0.77
05/14/2023,1926966,0.81
05/15/2023,3553443,0.62
05/16/2023,4002015,0.7
05/17/2023,4104786,0.72
05/18/2023,4082154,0.71
05/19/2023,3789929,0.66
05/20/2023,2314672,0.72
05/21/2023,2132724,0.89
05/22/2023,3571748,0.62
05/23/2023,3929003,0.69
05/24/2023,3960264,0.69
05/25/2023,3859385,0.67
05/26/2023,3496511,0.61
05/27/2023,2375741,0.74
05/28/2023,2029088,0.85
05/29/2023,1952779,0.82
05/30/2023,3714864,0.65
05/31/2023,3911382,0.68
06/01/2023,3894167,0.69
06/02/2023,3626490,0.65
06/03/2023,2411704,0.75
06/04/2023,1988330,0.76
06/05/2023,3544106,0.63
06/06/2023,3929131,0.7
06/07/2023,3743889,0.67
06/08/2023,3268529,0.58
06/09/2023,3425232,0.61
06/10/2023,2608756,0.81
06/11/2023,2075651,0.79
06/12/2023,3479404,0.62
06/13/2023,3968160,0.71
06/14/2023,3893073,0.69
06/15/2023,3928393,0.7
06/16/2023,3395938,0.61
06/17/2023,2399521,0.74
06/18/2023,1977582,0.76
06/19/2023,2636887,1.01
06/20/2023,3782810,0.67
06/21/2023,3902298,0.7
06/22/2023,3782472,0.67
06/23/2023,3470575,0.62
06/24/2023,2467994,0.77
06/25/2023,2222704,0.85
06/26/2023,3341322,0.6
06/27/2023,3744227,0.67
06/28/2023,3634270,0.65
06/29/2023,3653631,0.65
06/30/2023,3259767,0.58
07/01/2023,2239529,0.79
07/02/2023,1783757,0.76
07/03/2023,2662052,0.5
07/04/2023,1791179,0.77
07/05/2023,3318379,0.63
07/06/2023,3494806,0.66
07/07/2023,3292266,0.62
07/08/2023,2308794,0.82
07/09/2023,1776607,0.76
07/10/2023,3208730,0.61
07/11/2023,3613670,0.68
07/12/2023,3696737,0.7
07/13/2023,3648007,0.69
07/14/2023,3209393,0.61
07/15/2023,2326054,0.82
07/16/2023,1599858,0.68
07/17/2023,3282092,0.62
07/18/2023,3584819,0.68
07/19/2023,3679343,0.7
07/20/2023,3711017,0.7
07/21/2023,3227154,0.61
07/22/2023,2459990,0.87
07/23/2023,1984503,0.85
07/24/2023,3255379,0.62
07/25/2023,3630414,0.69
07/26/2023,3758378,0.71
07/27/2023,3580012,0.68
07/28/2023,3266199,0.62
07/29/2023,2251524,0.8
07/30/2023,1952433,0.83
07/31/2023,3204920,0.61
08/01/2023,3598379,0.7
08/02/2023,3640307,0.71
08/03/2023,3609076,0.7
08/04/2023,3228510,0.63
08/05/2023,2364364,0.8
08/06/2023,1910841,0.8
08/07/2023,3041001,0.59
08/08/2023,3510047,0.68
08/09/2023,3613062,0.7
08/10/2023,3429304,0.67
08/11/2023,3311714,0.64
08/12/2023,2366787,0.81
08/13/2023,1953558,0.82
08/14/2023,3092801,0.6
08/15/2023,3385996,0.66
08/16/2023,3447648,0.67
08/17/2023,3385056,0.66
08/18/2023,3182516,0.62
08/19/2023,2358962,0.8
08/20/2023,1870625,0.79
08/21/2023,2971166,0.58
08/22/2023,3352769,0.65
08/23/2023,3412842,0.66
08/24/2023,3297927,0.64
08/25/2023,3034255,0.59
08/26/2023,2281885,0.78
08/27/2023,1909806,0.8
08/28/2023,3121505,0.61
08/29/2023,3401088,0.66
08/30/2023,3462970,0.67
08/31/2023,3450532,0.67
09/01/2023,3196284,0.55
09/02/2023,2307416,0.72
09/03/2023,2013506,0.79
09/04/2023,1879819,0.74
09/05/2023,3483755,0.6
09/06/2023,3712071,0.64
09/07/2023,3867746,0.67
09/08/2023,3609701,0.63
09/09/2023,2425515,0.75
09/10/2023,1822230,0.72
09/11/2023,3596538,0.62
09/12/2023,4014480,0.7
09/13/2023,3938516,0.68
09/14/2023,4045169,0.7
09/15/2023,3694845,0.64
09/16/2023,2446139,0.76
09/17/2023,1988003,0.78
09/18/2023,3539047,0.61
09/19/2023,4140301,0.72
09/20/2023,4179861,0.72
09/21/2023,4139288,0.72
09/22/2023,3840412,0.67
09/23/2023,2116140,0.66
09/24/2023,1701656,0.67
09/25/2023,2885921,0.5
09/26/2023,3946624,0.68
09/27/2023,4074930,0.71
09/28/2023,4051444,0.7
09/29/2023,2467295,0.43
09/30/2023,2205573,0.68
10/01/2023,1995361,0.81
10/02/2023,3649389,0.63
10/03/2023,4008201,0.7
10/04/2023,4026878,0.7
10/05/2023,4030304,0.7
10/06/2023,3639729,0.63
10/07/2023,2199478,0.66
10/08/2023,2044534,0.83
10/09/2023,2833654,0.49
10/10/2023,3954925,0.69
10/11/2023,4056504,0.71
10/12/2023,4104598,0.71
10/13/2023,3560964,0.62
10/14/2023,2219786,0.67
10/15/2023,2013096,0.82
10/16/2023,3661144,0.64
10/17/2023,4021342,0.7
10/18/2023,4074460,0.71
10/19/2023,4121563,0.72
10/20/2023,3616336,0.63
10/21/2023,2438387,0.73
10/22/2023,1983271,0.81
10/23/2023,3667240,0.64
10/24/2023,4040571,0.7
10/25/2023,4120011,0.72
10/26/2023,4142420,0.72
10/27/2023,3853546,0.67
10/28/2023,2743759,0.82
10/29/2023,1834459,0.75
10/30/2023,3623778,0.63
10/31/2023,4016482,0.7
11/01/2023,4043524,0.72
11/02/2023,4082807,0.72
11/03/2023,3808235,0.68
11/04/2023,2588115,0.82
11/05/2023,2310457,0.92
11/06/2023,3686141,0.65
11/07/2023,3655078,0.65
11/08/2023,4066029,0.72
11/09/2023,4020939,0.71
11/10/2023,3611367,1.43
11/11/2023,2588540,0.82
11/12/2023,1947270,0.77
11/13/2023,3597029,0.64
11/14/2023,3991767,0.71
11/15/2023,4036442,0.72
11/16/2023,4048862,0.72
11/17/2023,3741391,0.66
11/18/2023,2477547,0.78
11/19/2023,1943926,0.77
11/20/2023,3647283,0.65
11/21/2023,3774952,0.67
11/22/2023,3378351,0.6
11/23/2023,1628385,0.65
11/24/2023,2457591,0.97
11/25/2023,2123590,0.67
11/26/2023,1686490,0.67
11/27/2023,3523494,0.63
11/28/2023,3916476,0.69
11/29/2023,4032882,0.72
11/30/2023,4072271,0.72
12/01/2023,3723171,0.7
12/02/2023,2748170,0.83
12/03/2023,1827959,0.72
12/04/2023,3709458,0.69
12/05/2023,3991835,0.75
12/06/2023,4116059,0.77
12/07/2023,4088438,0.77
12/08/2023,3863961,0.72
12/09/2023,2922085,0.88
12/10/2023,1838048,0.72
12/11/2023,3642743,0.68
12/12/2023,4051574,0.76
12/13/2023,4067457,0.76
12/14/2023,4122091,0.77
12/15/2023,3845234,0.72
12/16/2023,2866544,0.86
12/17/2023,1954707,0.77
12/18/2023,3314782,0.62
12/19/2023,3912934,0.73
12/20/2023,3838407,0.72
12/21/2023,3675448,0.69
12/22/2023,3372318,0.63
12/23/2023,2244175,0.68
12/24/2023,1657096,0.65
12/25/2023,1273729,0.5
12/26/2023,2668642,0.5
12/27/2023,2912007,0.55
12/28/2023,3064841,0.57
12/29/2023,3198885,0.6
12/30/2023,2440211,0.74
12/31/2023,1934651,0.76
01/01/2024,1648734,0.79
01/02/2024,3290639,0.64
01/03/2024,3555082,0.69
01/04/2024,3560703,0.69
01/05/2024,3263064,0.63
01/06/2024,1942458,0.72
01/07/2024,1472438,0.7
01/08/2024,3303727,0.64
01/09/2024,3353192,0.65
01/10/2024,3557166,0.69
01/11/2024,3688916,0.72
01/12/2024,3365791,0.65
01/13/2024,2167383,0.8
01/14/2024,1743556,0.83
01/15/2024,2169917,1.04
01/16/2024,3235935,0.63
01/17/2024,3616923,0.7
01/18/2024,3655850,0.71
01/19/2024,3176408,0.62
01/20/2024,2024041,0.75
01/21/2024,1576126,0.75
01/22/2024,3305387,0.64
01/23/2024,3652488,0.71
01/24/2024,3666907,0.71
01/25/2024,3681867,0.72
01/26/2024,3380816,0.66
01/27/2024,2283244,0.84
01/28/2024,1549077,0.74
01/29/2024,3297571,0.64
01/30/2024,3717520,0.72
01/31/2024,3808584,0.74
02/01/2024,3814682,0.7
02/02/2024,3457807,0.64
02/03/2024,2324038,0.81
02/04/2024,1742107,0.79
02/05/2024,3481777,0.64
02/06/2024,3857533,0.71
02/07/2024,3900992,0.72
02/08/2024,3903673,0.72
02/09/2024,3547321,0.65
02/10/2024,2385448,0.83
02/11/2024,1774698,0.81
02/12/2024,3374596,0.62
02/13/2024,2273584,0.42
02/14/2024,3963628,0.73
02/15/2024,3874860,0.71
02/16/2024,3504536,0.65
02/17/2024,2178047,0.76
02/18/2024,1850840,0.84
02/19/2024,2244741,1.02
02/20/2024,3490990,0.64
02/21/2024,3591484,0.66
02/22/2024,3588173,0.66
02/23/2024,3219121,0.59
02/24/2024,2308808,0.8
02/25/2024,1740477,0.79
02/26/2024,3439079,0.63
02/27/2024,3802458,0.7
02/28/2024,3784177,0.7
02/29/2024,3905888,0.72
03/01/2024,3573658,0.64
03/02/2024,2094029,0.68
03/03/2024,1961510,0.86
03/04/2024,3539671,0.64
03/05/2024,3819514,0.69
03/06/2024,3865589,0.69
03/07/2024,3893731,0.7
03/08/2024,3685219,0.66
03/09/2024,2128635,0.69
03/10/2024,1803578,0.79
03/11/2024,3497588,0.63
03/12/2024,3988438,0.72
03/13/2024,4024943,0.72
03/14/2024,4049186,0.73
03/15/2024,3643013,0.65
03/16/2024,2553056,0.83
03/17/2024,1972170,0.86
03/18/2024,3482565,0.63
03/19/2024,3869116,0.69
03/20/2024,3886104,0.7
03/21/2024,3862248,0.69
03/22/2024,3581959,0.64
03/23/2024,1863863,0.61
03/24/2024,1912946,0.83
03/25/2024,3583716,0.64
03/26/2024,3969793,0.71
03/27/2024,4014011,0.72
03/28/2024,3910547,0.7
03/29/2024,3372535,0.61
03/30/2024,2526569,0.82
03/31/2024,1936295,0.84
04/01/2024,3321989,0.6
04/02/2024,3900061,0.7
04/03/2024,3890305,0.7
04/04/2024,4100733,0.74
04/05/2024,3800800,0.68
04/06/2024,2477127,0.78
04/07/2024,1899641,0.78
04/08/2024,3506719,0.63
04/09/2024,4042674,0.72
04/10/2024,3791945,0.68
04/11/2024,4000485,0.72
04/12/2024,3668439,0.66
04/13/2024,2535112,0.8
04/14/2024,2068885,0.85
04/15/2024,3704177,0.66
04/16/2024,4033514,0.72
04/17/2024,4021256,0.72
04/18/2024,3966226,0.71
04/19/2024,3705782,0.66
04/20/2024,2537525,0.8
04/21/2024,1918237,0.79
04/22/2024,3219677,0.58
04/23/2024,3522218,0.63
04/24/2024,3608010,0.65
04/25/2024,3723894,0.67
04/26/2024,3431590,0.62
04/27/2024,2506779,0.79
04/28/2024,2084950,0.86
04/29/2024,3323706,0.6
04/30/2024,3638986,0.65
05/01/2024,4032791,0.71
05/02/2024,4061242,0.71
05/03/2024,3780888,0.66
05/04/2024,2563658,0.8
05/05/2024,1889174,0.79
05/06/2024,3652105,0.64
05/07/2024,4098321,0.72
05/08/2024,4087477,0.71
05/09/2024,4086528,0.71
05/10/2024,3677268,0.64
05/11/2024,2648580,0.83
05/12/2024,1858872,0.78
05/13/2024,3703066,0.65
05/14/2024,4116655,0.72
05/15/2024,4114615,0.72
05/16/2024,4105026,0.72
05/17/2024,3816914,0.67
05/18/2024,2691368,0.84
05/19/2024,2121485,0.89
05/20/2024,3682061,0.64
05/21/2024,4029557,0.7
05/22/2024,4104021,0.72
05/23/2024,3863099,0.68
05/24/2024,3583244,0.63
05/25/2024,2347159,0.73
05/26/2024,2019012,0.84
05/27/2024,1667890,0.7
05/28/2024,3825781,0.67
05/29/2024,4006764,0.7
05/30/2024,3979959,0.7
05/31/2024,3688627,0.65
06/01/2024,2446153,0.76
06/02/2024,1978037,0.76
06/03/2024,3611491,0.64
06/04/2024,3979793,0.71
06/05/2024,4051943,0.72
06/06/2024,3774324,0.67
06/07/2024,3752412,0.67
06/08/2024,2673220,0.83
06/09/2024,2134551,0.82
06/10/2024,3702212,0.66
06/11/2024,3995425,0.71
06/12/2024,3977760,0.71
06/13/2024,3936941,0.7
06/14/2024,3517062,0.63
06/15/2024,2431810,0.75
06/16/2024,1897201,0.72
06/17/2024,3325104,0.59
06/18/2024,3920839,0.7
06/19/2024,3046320,1.16
06/20/2024,3857797,0.69
06/21/2024,3500365,0.62
06/22/2024,2385207,0.74
06/23/2024,1908786,0.73
06/24/2024,3467845,0.62
06/25/2024,3831447,0.68
06/26/2024,3901100,0.7
06/27/2024,3776811,0.67
06/28/2024,3522732,0.63
06/29/2024,2454997,0.76
06/30/2024,2002269,0.76
07/01/2024,3273546,0.62
07/02/2024,3542073,0.67
07/03/2024,3409357,0.65
07/04/2024,1992244,0.85
07/05/2024,2700734,0.51
07/06/2024,2100877,0.74
07/07/2024,1804572,0.77
07/08/2024,3228784,0.61
07/09/2024,3605032,0.68
07/10/2024,3691835,0.7
07/11/2024,3688029,0.7
07/12/2024,3261074,0.62
07/13/2024,2203283,0.78
07/14/2024,1869670,0.8
07/15/2024,3259800,0.62
07/16/2024,3594150,0.68
07/17/2024,3651756,0.69
07/18/2024,3637826,0.69
07/19/2024,3372874,0.64
07/20/2024,2269647,0.8
07/21/2024,1877704,0.8
07/22/2024,3235343,0.61
07/23/2024,3606656,0.68
07/24/2024,3656472,0.69
07/25/2024,3638351,0.69
07/26/2024,3288849,0.62
07/27/2024,2306948,0.82
07/28/2024,1851383,0.79
07/29/2024,3202281,0.61
07/30/2024,3590241,0.68
07/31/2024,3576343,0.68
08/01/2024,3544663,0.69
08/02/2024,3153955,0.61
08/03/2024,2200373,0.75
08/04/2024,1752861,0.74
08/05/2024,3222601,0.63
08/06/2024,3462581,0.67
08/07/2024,3511253,0.68
08/08/2024,3490217,0.68
08/09/2024,3041276,0.59
08/10/2024,2356405,0.8
08/11/2024,1918748,0.81
08/12/2024,3169180,0.62
08/13/2024,3491612,0.68
08/14/2024,3544668,0.69
08/15/2024,3495671,0.68
08/16/2024,3198733,0.62
08/17/2024,2256233,0.77
08/18/2024,1713050,0.72
08/19/2024,3076559,0.6
08/20/2024,3475888,0.68
08/21/2024,3498651,0.68
08/22/2024,3427911,0.67
08/23/2024,3209666,0.62
08/24/2024,2332624,0.79
08/25/2024,1905818,0.8
08/26/2024,3113498,0.61
08/27/2024,3477101,0.68
08/28/2024,3516674,0.68
08/29/2024,3438760,0.67
08/30/2024,3152242,0.61
08/31/2024,2158004,0.73
09/01/2024,1969350,0.77
09/02/2024,2007446,0.79
09/03/2024,3629404,0.63
09/04/2024,3868854,0.67
09/05/2024,4033322,0.7
09/06/2024,3794952,0.66
09/07/2024,2479639,0.77
09/08/2024,2101048,0.83
09/09/2024,3811344,0.66
09/10/2024,4182405,0.72
09/11/2024,4214707,0.73
09/12/2024,4232214,0.73
09/13/2024,3911412,0.68
09/14/2024,2706474,0.84
09/15/2024,2161737,0.85
09/16/2024,3821428,0.66
09/17/2024,4189311,0.73
09/18/2024,4232888,0.73
09/19/2024,4255184,0.74
09/20/2024,3933048,0.68
09/21/2024,2744632,0.85
09/22/2024,2131910,0.84
09/23/2024,3898806,0.68
09/24/2024,4323708,0.75
09/25/2024,4335945,0.75
09/26/2024,4295723,0.74
09/27/2024,3945383,0.68
09/28/2024,2557982,0.79
09/29/2024,1959363,0.77
09/30/2024,3849138,0.67
10/01/2024,4179363,0.73
10/02/2024,4068073,0.71
10/03/2024,3627528,0.63
10/04/2024,3506654,0.61
10/05/2024,2710146,0.81
10/06/2024,2065294,0.84
10/07/2024,3847055,0.67
10/08/2024,4256950,0.74
10/09/2024,4313211,0.75
10/10/2024,4329161,0.75
10/11/2024,3868564,0.67
10/12/2024,2587128,0.78
10/13/2024,2153429,0.88
10/14/2024,3066851,0.53
10/15/2024,4284818,0.75
10/16/2024,4357117,0.76
10/17/2024,4309633,0.75
10/18/2024,4030998,0.7
10/19/2024,2752350,0.83
10/20/2024,2176476,0.89
10/21/2024,3842315,0.67
10/22/2024,4218881,0.73
10/23/2024,4276606,0.74
10/24/2024,4304831,0.75
10/25/2024,4019790,0.7
10/26/2024,2828539,0.85
10/27/2024,2208683,0.9
10/28/2024,3983168,0.69
10/29/2024,4378791,0.76
10/30/2024,4417951,0.77
10/31/2024,4340272,0.76
11/01/2024,3780874,0.67
11/02/2024,2817106,0.89
11/03/2024,2602870,1.03
11/04/2024,3949699,0.7
11/05/2024,3640246,0.65
11/06/2024,4113411,0.73
11/07/2024,4232190,0.75
11/08/2024,3971878,0.7
11/09/2024,2770474,0.88
11/10/2024,2117144,0.84
11/11/2024,3277617,1.3
11/12/2024,4263199,0.76
11/13/2024,4331024,0.77
11/14/2024,4296568,0.76
11/15/2024,3986526,0.71
11/16/2024,2789132,0.88
11/17/2024,2101806,0.83
11/18/2024,3900958,0.69
11/19/2024,4277932,0.76
11/20/2024,4298945,0.76
11/21/2024,4217744,0.75
11/22/2024,3854860,0.68
11/23/2024,2720244,0.86
11/24/2024,2075015,0.82
11/25/2024,3914213,0.69
11/26/2024,4030009,0.71
11/27/2024,3710430,0.66
11/28/2024,1513447,0.6
11/29/2024,2677499,1.06
11/30/2024,2319981,0.73
12/01/2024,1893492,0.75
12/02/2024,3813795,0.71
12/03/2024,4240442,0.79
12/04/2024,4374883,0.82
12/05/2024,4354863,0.82
12/06/2024,4121085,0.77
12/07/2024,3017208,0.91
12/08/2024,2348950,0.92
12/09/2024,3941361,0.74
12/10/2024,4374063,0.82
12/11/2024,4255328,0.8
12/12/2024,4527892,0.85
12/13/2024,4178812,0.78
12/14/2024,3123454,0.94
12/15/2024,2337436,0.92
12/16/2024,3866550,0.72
12/17/2024,4341385,0.81
12/18/2024,4292792,0.8
12/19/2024,4255466,0.8
12/20/2024,3842344,0.72
12/21/2024,2645323,0.8
12/22/2024,2061173,0.81
12/23/2024,3216875,0.6
12/24/2024,2546394,0.48
12/25/2024,1378374,0.54
12/26/2024,2852679,0.53
12/27/2024,3161486,0.59
12/28/2024,2268511,0.68
12/29/2024,2122102,0.84
12/30/2024,3315993,0.62
12/31/2024,2874096,1.13
01/01/2025,1779352,0.85
01/02/2025,3376924,0.66
01/03/2025,3413021,0.66
01/04/2025,2315493,0.86
01/05/2025,1791020,0.86
01/06/2025,3436491,0.67
01/07/2025,3781536,0.74
01/08/2025,3830616,0.74
01/09/2025,3734383,0.73
